{"count":1,"self":7199.0444032,"total":9813.7314835999987,"children":{"InitializeActuators":{"count":1,"self":0.0025035,"total":0.0025035,"children":null},"InitializeSensors":{"count":1,"self":0.0025109999999999998,"total":0.0025109999999999998,"children":null},"AgentSendState":{"count":100034,"self":0.5131572,"total":2.4271252999999997,"children":{"CollectObservations":{"count":100034,"self":0.2717797,"total":0.2717797,"children":null},"WriteActionMask":{"count":100034,"self":0.062175799999999996,"total":0.062175799999999996,"children":null},"RequestDecision":{"count":100034,"self":0.4278075,"total":1.5800125999999999,"children":{"AgentInfo.ToProto":{"count":100034,"self":0.4209389,"total":1.1522051,"children":{"GenerateSensorData":{"count":100034,"self":0.7312662,"total":0.7312662,"children":null}}}}}}},"DecideAction":{"count":100034,"self":2611.3947648,"total":2611.3946736999997,"children":null},"AgentAct":{"count":100034,"self":0.82760539999999994,"total":0.82760539999999994,"children":null},"AgentInfo.ToProto":{"count":2804,"self":0.0186944,"total":0.0325427,"children":{"GenerateSensorData":{"count":2804,"self":0.0138483,"total":0.0138483,"children":null}}}},"gauges":{"ddqn_dda.CumulativeReward":{"count":2804,"max":0.480000049,"min":-1.5999999,"runningAverage":-0.0994924158,"value":-0.0999999642,"weightedAverage":-0.100291856}},"metadata":{"timer_format_version":"0.1.0","start_time_seconds":"1777334416","unity_version":"6000.0.32f1","command_line_arguments":"C:\\Program Files\\Unity\\Hub\\Editor\\6000.0.32f1\\Editor\\Unity.exe -projectpath E:\\COLLEGE\\CodeLabs\\Game\\SpaceJam -acceptSoftwareTermsForThisRunOnly -useHub -hubIPC -cloudEnvironment production","communication_protocol_version":"1.5.0","com.unity.ml-agents_version":"4.0.3","scene_name":"BattleSimulationTraining","end_time_seconds":"1777344230"}}